{"app":["/app-764827affad118453f4c.js"],"component---src-templates-proyecto-js":["/component---src-templates-proyecto-js-96b72777a586adf371df.js"],"component---src-templates-post-js":["/component---src-templates-post-js-74adad62c85064af3f1b.js"],"component---src-pages-404-js":["/component---src-pages-404-js-3b967e69af5f856ed979.js"],"component---src-pages-about-js":["/component---src-pages-about-js-d7f7b95b757f9bf29274.js"],"component---src-pages-blog-js":["/component---src-pages-blog-js-310161b8107b25437bd1.js"],"component---src-pages-contact-js":["/component---src-pages-contact-js-5c1ba803697a04b61f19.js"],"component---src-pages-index-js":["/component---src-pages-index-js-b6ce02d49b0a2264df77.js"],"component---src-pages-portfolio-js":["/component---src-pages-portfolio-js-4215166bab0d14ff4116.js"],"component---src-pages-services-js":["/component---src-pages-services-js-2894ec0a035f67e355f4.js"]}