{"errors":[],"warnings":[],"namedChunkGroups":{"app":{"chunks":[11,0,1],"assets":["webpack-runtime-1d184b05b7cdab750b5d.js","webpack-runtime-1d184b05b7cdab750b5d.js.map","commons-a58a5051f241802d1b24.js","commons-a58a5051f241802d1b24.js.map","app-764827affad118453f4c.js","app-764827affad118453f4c.js.map"],"children":{},"childAssets":{}},"component---src-templates-proyecto-js":{"chunks":[0,10],"assets":["commons-a58a5051f241802d1b24.js","commons-a58a5051f241802d1b24.js.map","component---src-templates-proyecto-js-96b72777a586adf371df.js","component---src-templates-proyecto-js-96b72777a586adf371df.js.map"],"children":{},"childAssets":{}},"component---src-templates-post-js":{"chunks":[9],"assets":["component---src-templates-post-js-74adad62c85064af3f1b.js","component---src-templates-post-js-74adad62c85064af3f1b.js.map"],"children":{},"childAssets":{}},"component---src-pages-404-js":{"chunks":[0,2],"assets":["commons-a58a5051f241802d1b24.js","commons-a58a5051f241802d1b24.js.map","component---src-pages-404-js-3b967e69af5f856ed979.js","component---src-pages-404-js-3b967e69af5f856ed979.js.map"],"children":{},"childAssets":{}},"component---src-pages-about-js":{"chunks":[0,3],"assets":["commons-a58a5051f241802d1b24.js","commons-a58a5051f241802d1b24.js.map","component---src-pages-about-js-d7f7b95b757f9bf29274.js","component---src-pages-about-js-d7f7b95b757f9bf29274.js.map"],"children":{},"childAssets":{}},"component---src-pages-blog-js":{"chunks":[0,4],"assets":["commons-a58a5051f241802d1b24.js","commons-a58a5051f241802d1b24.js.map","component---src-pages-blog-js-310161b8107b25437bd1.js","component---src-pages-blog-js-310161b8107b25437bd1.js.map"],"children":{},"childAssets":{}},"component---src-pages-contact-js":{"chunks":[0,5],"assets":["commons-a58a5051f241802d1b24.js","commons-a58a5051f241802d1b24.js.map","component---src-pages-contact-js-5c1ba803697a04b61f19.js","component---src-pages-contact-js-5c1ba803697a04b61f19.js.map"],"children":{},"childAssets":{}},"component---src-pages-index-js":{"chunks":[0,6],"assets":["commons-a58a5051f241802d1b24.js","commons-a58a5051f241802d1b24.js.map","component---src-pages-index-js-b6ce02d49b0a2264df77.js","component---src-pages-index-js-b6ce02d49b0a2264df77.js.map"],"children":{},"childAssets":{}},"component---src-pages-portfolio-js":{"chunks":[0,7],"assets":["commons-a58a5051f241802d1b24.js","commons-a58a5051f241802d1b24.js.map","component---src-pages-portfolio-js-4215166bab0d14ff4116.js","component---src-pages-portfolio-js-4215166bab0d14ff4116.js.map"],"children":{},"childAssets":{}},"component---src-pages-services-js":{"chunks":[0,8],"assets":["commons-a58a5051f241802d1b24.js","commons-a58a5051f241802d1b24.js.map","component---src-pages-services-js-2894ec0a035f67e355f4.js","component---src-pages-services-js-2894ec0a035f67e355f4.js.map"],"children":{},"childAssets":{}}},"assetsByChunkName":{"app":["webpack-runtime-1d184b05b7cdab750b5d.js","commons-a58a5051f241802d1b24.js","app-764827affad118453f4c.js"],"component---src-templates-proyecto-js":["commons-a58a5051f241802d1b24.js","component---src-templates-proyecto-js-96b72777a586adf371df.js"],"component---src-templates-post-js":["component---src-templates-post-js-74adad62c85064af3f1b.js"],"component---src-pages-404-js":["commons-a58a5051f241802d1b24.js","component---src-pages-404-js-3b967e69af5f856ed979.js"],"component---src-pages-about-js":["commons-a58a5051f241802d1b24.js","component---src-pages-about-js-d7f7b95b757f9bf29274.js"],"component---src-pages-blog-js":["commons-a58a5051f241802d1b24.js","component---src-pages-blog-js-310161b8107b25437bd1.js"],"component---src-pages-contact-js":["commons-a58a5051f241802d1b24.js","component---src-pages-contact-js-5c1ba803697a04b61f19.js"],"component---src-pages-index-js":["commons-a58a5051f241802d1b24.js","component---src-pages-index-js-b6ce02d49b0a2264df77.js"],"component---src-pages-portfolio-js":["commons-a58a5051f241802d1b24.js","component---src-pages-portfolio-js-4215166bab0d14ff4116.js"],"component---src-pages-services-js":["commons-a58a5051f241802d1b24.js","component---src-pages-services-js-2894ec0a035f67e355f4.js"]}}